"socsup","depression","gender","girls"
14,6.73001021067895,"Female",1
22,5.54888232217072,"Female",1
14.5,5.46057023812772,"Female",1
28,5.46057023812772,"Male",0
23,5.36994264056051,"Female",1
17,5.18112511331317,"Female",1
15,5.0825850123237,"Female",1
15,4.98102374795547,"Female",1
18,4.98102374795547,"Female",1
21,4.98102374795547,"Female",1
21,4.98102374795547,"Female",1
23,4.98102374795547,"Female",1
13,4.87621105094099,"Female",1
22,4.87621105094099,"Female",1
27,4.87621105094099,"Female",1
13,4.76788763492313,"Female",1
16,4.76788763492313,"Female",1
22,4.76788763492313,"Female",1
25,4.76788763492313,"Female",1
26,4.76788763492313,"Female",1
23,4.65575995407325,"Male",0
28,4.65575995407325,"Female",1
18,4.53949369770136,"Female",1
20,4.53949369770136,"Female",1
26,4.53949369770136,"Female",1
12,4.41870563323407,"Female",1
17,4.41870563323407,"Female",1
21,4.41870563323407,"Female",1
24,4.41870563323407,"Female",1
27,4.41870563323407,"Female",1
13,4.2929532604391,"Male",0
14,4.2929532604391,"Female",1
22,4.2929532604391,"Female",1
25,4.2929532604391,"Female",1
27,4.2929532604391,"Female",1
16,4.1617215221436,"Male",0
18,4.1617215221436,"Male",0
22,4.1617215221436,"Female",1
23,4.1617215221436,"Male",0
24,4.1617215221436,"Female",1
30,4.1617215221436,"Female",1
14,4.02440549122741,"Female",1
17,4.02440549122741,"Male",0
19,4.02440549122741,"Female",1
19,4.02440549122741,"Male",0
25,4.02440549122741,"Female",1
27,4.02440549122741,"Female",1
28,4.02440549122741,"Female",1
13,3.88028745585483,"Female",1
18,3.88028745585483,"Female",1
20,3.88028745585483,"Female",1
22,3.88028745585483,"Male",0
25,3.88028745585483,"Female",1
29,3.88028745585483,"Female",1
33,3.88028745585483,"Female",1
18,3.72850604400396,"Female",1
21,3.72850604400396,"Female",1
22,3.72850604400396,"Female",1
25,3.72850604400396,"Female",1
13,3.56801376796476,"Male",0
16,3.56801376796476,"Female",1
18,3.56801376796476,"Female",1
18,3.56801376796476,"Female",1
23,3.56801376796476,"Female",1
25,3.56801376796476,"Female",1
16,3.39751726808602,"Male",0
19,3.39751726808602,"Female",1
21,3.39751726808602,"Female",1
21,3.39751726808602,"Female",1
24,3.39751726808602,"Female",1
25,3.39751726808602,"Female",1
26,3.39751726808602,"Female",1
26,3.39751726808602,"Female",1
27,3.39751726808602,"Female",1
13,3.21539089827391,"Male",0
15,3.21539089827391,"Female",1
18,3.21539089827391,"Female",1
19,3.21539089827391,"Male",0
19,3.21539089827391,"Female",1
22,3.21539089827391,"Female",1
22,3.21539089827391,"Male",0
23,3.21539089827391,"Female",1
24,3.21539089827391,"Female",1
24,3.21539089827391,"Female",1
25,3.21539089827391,"Female",1
25,3.21539089827391,"Female",1
26,3.21539089827391,"Male",0
27,3.21539089827391,"Female",1
30,3.21539089827391,"Female",1
12,3.01954772254854,"Male",0
19,3.01954772254854,"Male",0
19,3.01954772254854,"Female",1
21,3.01954772254854,"Female",1
21,3.01954772254854,"Female",1
23,3.01954772254854,"Male",0
25,3.01954772254854,"Female",1
27,3.01954772254854,"Male",0
27,3.01954772254854,"Female",1
27,3.01954772254854,"Female",1
30,3.01954772254854,"Female",1
31,3.01954772254854,"Female",1
33,3.01954772254854,"Female",1
9,2.80723948767331,"Male",0
18,2.80723948767331,"Female",1
21,2.80723948767331,"Female",1
22,2.80723948767331,"Female",1
23,2.80723948767331,"Male",0
26,2.80723948767331,"Female",1
27,2.80723948767331,"Male",0
27,2.80723948767331,"Female",1
27,2.80723948767331,"Female",1
28,2.80723948767331,"Female",1
28,2.80723948767331,"Female",1
33,2.80723948767331,"Female",1
14,2.57473184510354,"Male",0
15,2.57473184510354,"Male",0
15,2.57473184510354,"Female",1
16,2.57473184510354,"Female",1
21,2.57473184510354,"Female",1
23,2.57473184510354,"Female",1
25,2.57473184510354,"Female",1
26,2.57473184510354,"Female",1
26,2.57473184510354,"Female",1
27,2.57473184510354,"Male",0
27,2.57473184510354,"Male",0
27,2.57473184510354,"Male",0
27,2.57473184510354,"Female",1
30,2.57473184510354,"Female",1
33,2.57473184510354,"Male",0
14,2.3167459517633,"Female",1
19,2.3167459517633,"Female",1
20,2.3167459517633,"Female",1
21,2.3167459517633,"Female",1
21,2.3167459517633,"Female",1
21,2.3167459517633,"Female",1
21,2.3167459517633,"Female",1
23,2.3167459517633,"Male",0
23,2.3167459517633,"Female",1
23,2.3167459517633,"Female",1
24,2.3167459517633,"Female",1
24,2.3167459517633,"Female",1
26,2.3167459517633,"Female",1
28,2.3167459517633,"Female",1
28,2.3167459517633,"Female",1
30,2.3167459517633,"Female",1
15,2.02542545446473,"Male",0
16,2.02542545446473,"Male",0
21,2.02542545446473,"Male",0
24,2.02542545446473,"Female",1
24,2.02542545446473,"Female",1
25,2.02542545446473,"Female",1
25,2.02542545446473,"Female",1
26,2.02542545446473,"Female",1
26,2.02542545446473,"Male",0
26,2.02542545446473,"Female",1
27,2.02542545446473,"Female",1
27,2.02542545446473,"Female",1
27,2.02542545446473,"Female",1
27,2.02542545446473,"Female",1
28,2.02542545446473,"Female",1
28,2.02542545446473,"Female",1
28,2.02542545446473,"Female",1
31,2.02542545446473,"Female",1
11,1.68822987774697,"Male",0
17,1.68822987774697,"Male",0
19,1.68822987774697,"Female",1
20,1.68822987774697,"Female",1
21,1.68822987774697,"Female",1
21,1.68822987774697,"Male",0
24,1.68822987774697,"Male",0
25,1.68822987774697,"Male",0
25,1.68822987774697,"Female",1
26,1.68822987774697,"Female",1
27,1.68822987774697,"Male",0
27,1.68822987774697,"Male",0
27,1.68822987774697,"Female",1
28,1.68822987774697,"Female",1
28,1.68822987774697,"Female",1
32,1.68822987774697,"Female",1
34,1.68822987774697,"Female",1
14,1.28300709418698,"Female",1
16,1.28300709418698,"Male",0
18,1.28300709418698,"Male",0
19,1.28300709418698,"Male",0
22,1.28300709418698,"Female",1
23,1.28300709418698,"Male",0
23,1.28300709418698,"Female",1
24,1.28300709418698,"Female",1
24,1.28300709418698,"Female",1
24,1.28300709418698,"Female",1
25,1.28300709418698,"Female",1
25,1.28300709418698,"Male",0
28,1.28300709418698,"Female",1
30,1.28300709418698,"Female",1
20,0.763756554926407,"Male",0
20,0.763756554926407,"Female",1
23,0.763756554926407,"Male",0
26,0.763756554926407,"Female",1
28,0.763756554926407,"Female",1
30,0.763756554926407,"Male",0
21,0,"Female",1
23,0,"Male",0
27,0,"Female",1
27,0,"Female",1
28,0,"Female",1
29,0,"Female",1
32,0,"Female",1
33,0,"Female",1
